{
  "controller/sweet.controller.js.map": 1752569219675,
  "controller/cooldrinks.controller.js": 1752557038229,
  "controller/teacoffe.controller.js": 1752556999101,
  "controller/sweet.controller.js": 1752557008629,
  "controller/project.controller.js": 1751472496847,
  "controller/packed.controller.js": 1752557017377,
  "controller/fruitVegetable.controller.js": 1752557026033,
  "controller/dairy.controller.js": 1752557032097,
  "model/models.js": 1751472496839,
  "controller/attarice.controller.js": 1752557045949,
  "controller/account.controller.js": 1752508787505,
  "controller/View1.controller.js": 1752556882257,
  "controller/Orders.controller.js": 1752508247292,
  "controller/Charts.controller.js": 1752493696012,
  "controller/App.controller.js": 1751472664872,
  "controller/AdminProduct.controller.js": 1752497557980,
  "controller/AdminDashboard.controller.js": 1752492451621,
  "manifest.json": 1752486418102,
  "Component.js": 1752569138261,
  "controller/project-dbg.controller.js": 1751472496847,
  "controller/project.controller.js.map": 1752569219650,
  "controller/teacoffe-dbg.controller.js": 1752556999101,
  "controller/teacoffe.controller.js.map": 1752569219683,
  "controller/sweet-dbg.controller.js": 1752557008629,
  "i18n/i18n.properties": 1751472513147,
  "controller/cooldrinks-dbg.controller.js": 1752557038229,
  "controller/cooldrinks.controller.js.map": 1752569219687,
  "controller/packed-dbg.controller.js": 1752557017377,
  "controller/packed.controller.js.map": 1752569219680,
  "controller/fruitVegetable-dbg.controller.js": 1752557026033,
  "controller/fruitVegetable.controller.js.map": 1752569219695,
  "controller/dairy-dbg.controller.js": 1752557032097,
  "controller/dairy.controller.js.map": 1752569219696,
  "model/models-dbg.js": 1751472496839,
  "model/models.js.map": 1752569219687,
  "controller/attarice-dbg.controller.js": 1752557045949,
  "controller/attarice.controller.js.map": 1752569219709,
  "controller/account-dbg.controller.js": 1752508787505,
  "controller/account.controller.js.map": 1752569219706,
  "controller/View1-dbg.controller.js": 1752556882257,
  "controller/View1.controller.js.map": 1752569219715,
  "controller/Orders-dbg.controller.js": 1752508247292,
  "controller/Orders.controller.js.map": 1752569219701,
  "controller/Charts-dbg.controller.js": 1752493696012,
  "controller/Charts.controller.js.map": 1752569219719,
  "controller/App-dbg.controller.js": 1751472664872,
  "controller/App.controller.js.map": 1752569219709,
  "controller/AdminProduct-dbg.controller.js": 1752497557980,
  "controller/AdminProduct.controller.js.map": 1752569219730,
  "controller/AdminDashboard-dbg.controller.js": 1752492451621,
  "controller/AdminDashboard.controller.js.map": 1752569219719,
  "Component-dbg.js": 1752569138261,
  "Component.js.map": 1752569219744,
  "Component-preload.js": 1752569219910,
  "Component-preload.js.map": 1752569219910,
  "view/teacoffe.view.xml": 1751872633134,
  "view/sweet.view.xml": 1751872815632,
  "view/project.view.xml": 1751472496847,
  "view/packed.view.xml": 1751955050053,
  "view/fruitVegetable.view.xml": 1751625617588,
  "view/dairy.view.xml": 1751624366798,
  "view/cooldrinks.view.xml": 1751872873592,
  "view/attarice.view.xml": 1751872934337,
  "view/account.view.xml": 1752508602663,
  "view/View1.view.xml": 1751528003550,
  "view/ProductDialog.fragment.xml": 1751972711861,
  "view/Orders.view.xml": 1752504711597,
  "view/NavBar.fragment.xml": 1752559992655,
  "view/Footer.fragment.xml": 1751472555383,
  "view/Charts.view.xml": 1752493482726,
  "view/CartPanel.fragment.xml": 1751613854860,
  "view/App.view.xml": 1751472550103,
  "view/AdminProduct.view.xml": 1752558550460,
  "view/AdminDashboard.view.xml": 1752494634425,
  "images/img7.png": 1751472738341,
  "images/img6.png": 1751472738333,
  "images/img5.png": 1751472738329,
  "images/img4.png": 1751472738325,
  "images/img3.png": 1751472738325,
  "images/img2.png": 1751472738321,
  "images/img1.png": 1751472738317,
  "images/img.png": 1751472738313,
  "images/image.png": 1751472738305,
  "images/banner.png": 1751472738289,
  "images/Potato.png": 1751472738285,
  "images/Banana.png": 1751472738281,
  "css/style.css": 1752559777363,
  "index.html": 1751886873337
}